Product Name,Price,Ratings
N/A,N/A,N/A
Motorola Moto G Stylus | 2022 | 2-Day Battery | Unlocked | Made for US 4/128GB | 50MP Camera | Twilight Blue,$129.99,4.3 out of 5 stars
Motorola Moto G Stylus 5G | 2021 | 2-Day Battery | Unlocked | Made for US 4/128GB | 48MP Camera | Cosmic Emerald,$149.99,4.3 out of 5 stars
Google Pixel 7a - Unlocked Android Cell Phone - Smartphone with Wide Angle Lens and 24-Hour Battery - 128 GB – Charcoal,$374.00,4.2 out of 5 stars
N/A,N/A,N/A
N/A,N/A,N/A
"Apple iPhone 12 Mini, 64GB, Blue - Unlocked (Renewed)",$311.76,4.2 out of 5 stars
"SAMSUNG Galaxy S23 Ultra Cell Phone, Factory Unlocked Android Smartphone, 256GB, 200MP Camera, Night Mode, Long Battery Life, S Pen, US Version, 2023, Phantom Black",$999.99,4.6 out of 5 stars
"SAMSUNG Galaxy A54 5G A Series Cell Phone, Factory Unlocked Android Smartphone, 128GB w/ 6.4” Fluid Display Screen, Hi Res Camera, Long Battery Life, Refined Design, US Version, 2023, Awesome Violet",$399.99,4.3 out of 5 stars
"AT&T BL102-3 DECT 6.0 3-Handset Cordless Phone for Home with Answering Machine, Call Blocking, Caller ID Announcer, Audio Assist, Intercom, and Unsurpassed Range, Silver/Black",$86.59,4.3 out of 5 stars
"Motorola Moto G Stylus | 2023 | Unlocked | Made for US 4/64GB | 50 MP Camera | Midnight Blue, 162.89 x 74.08 x 9.19mm",$169.99,4.1 out of 5 stars
Nokia C21 Plus | Android 11 (Go Edition) | Unlocked GSM Smartphone | 2-Day Battery | Dual SIM | 2/64GB | 6.52-Inch Screen | Charcoal | Not Compatible with Verizon or AT&T,$99.00,3.4 out of 5 stars
"Total by Verizon TCL 30 Z, 32GB, Black - Prepaid Smartphone (Locked)",$38.54,3.9 out of 5 stars
"Panasonic Cordless Phone with Answering Machine, Advanced Call Block, Bilingual Caller ID and Easy to Read High-Contrast Display, Expandable System with 2 Handsets - KX-TGD832M (Metallic Black)",$49.99,4.4 out of 5 stars
"SAMSUNG Galaxy S22 Ultra Cell Phone, Factory Unlocked Android Smartphone, 512GB, 8K Camera & Video, Brightest Display Screen, S Pen, Long Battery Life, Fast 4nm Processor, US Version, 2022, Burgundy",$949.97,4.6 out of 5 stars
"Panasonic Cordless Phone with Advanced Call Block, Link2Cell Bluetooth, One-Ring Scam Alert, and 2-Way Recording with Answering Machine, 5 Handsets - KX-TGF975B (Black with Silver Trim)",$179.99,4.3 out of 5 stars
"SAMSUNG Galaxy Z Flip 5 Cell Phone, Factory Unlocked Android Smartphone, 256GB, Compact, Foldable Design, One-Hand Control, Best Selfies, Full Cover Screen, Hands-Free Use, US Version, 2023, Lavender",$899.99,4.2 out of 5 stars
"SAMSUNG Galaxy A53 5G A Series Cell Phone, Factory Unlocked Android Smartphone, 128GB, 6.5” FHD Super AMOLED Screen, Long Battery Life, US Version, Black",$399.31,4.3 out of 5 stars
Panasonic Link2Cell Bluetooth DECT 6.0 Expandable Cordless Phone System with Answering Machine and Enhanced Noise Reduction - 5 Handsets - KX-TGE675B (Black),$169.99,4.2 out of 5 stars
"Ooma Office 2615W Wi-Fi Business IP Desk Phone. Works only with Ooma Office Cloud-Based VoIP Phone Service with Virtual Receptionist, Desktop and Mobile app, Videoconferencing. Subscription Required.",$159.99,3.3 out of 5 stars
"Panasonic Cordless Phone with Answering Machine, Link2Cell Bluetooth, Voice Assistant and Advanced Call Blocking, Expandable System with 4 Handsets - KX-TGD864W (White)",$105.22,4.4 out of 5 stars
"SureCall Fusion4Home Cell Phone Signal Booster up to 5000 sq ft, Boosts 5G/4G LTE, Yagi Panel Antennas, Home & Office Multi-User All Carrier, Verizon AT&T Sprint T-Mobile, FCC Approved, USA Company",$444.92,3.8 out of 5 stars
"USB C Charger, INIU 2-Port 45W Super Fast Charger Type C, Mini Foldable PD PPS USB C Wall Charger Block by GaN Tech for Samsung Galaxy S23 Ultra, Note 20, MacBook, iPad Pro, iPhone 15, Steam Deck etc",$19.79,4.6 out of 5 stars
Google Pixel 7a - Unlocked Android Cell Phone - Smartphone with Wide Angle Lens and 24-Hour Battery - 128 GB – Charcoal,$374.00,4.2 out of 5 stars
N/A,N/A,N/A
N/A,N/A,N/A
N/A,N/A,N/A
N/A,N/A,N/A
N/A,N/A,N/A
